"STATION","NAME","DATE","CDSD","DSND","DSNW","EMNT","EMSD","EMSN","EMXP","EMXT","HDSD","PRCP","SNOW","TAVG","TMAX","TMIN","WDF1","WSF1"
"USW00014853","DETROIT WILLOW RUN AIRPORT, MI US","1960-01","0.0","13","1","-11.7","76","64.0","41.1","11.1","1949.8","77.1","124","-2.2","1.0","-5.4",,
"USW00014853","DETROIT WILLOW RUN AIRPORT, MI US","1960-02","0.0","9","3","-11.1","152","132.0","14.7","9.4","2555.7","57.6","288","-2.6","1.1","-6.2",,
"USW00014853","DETROIT WILLOW RUN AIRPORT, MI US","1960-03","0.0","22","2","-13.9","152","71.0","7.1","21.1","3214.6","19.4","194","-2.9","1.8","-7.6",,
"USW00014853","DETROIT WILLOW RUN AIRPORT, MI US","1960-04","7.5","0","0","-4.4","0","10.0","9.9","29.4","3467.6","38.2","18","10.1","15.9","4.4",,
"USW00014853","DETROIT WILLOW RUN AIRPORT, MI US","1960-05","18.6","0","0","0.6","0","13.0","9.4","28.3","3592.0","50.2","13","14.7","20.2","9.2",,
"USW00014853","DETROIT WILLOW RUN AIRPORT, MI US","1960-06","77.7","0","0","8.3","0","0.0","34.3","32.2","3613.1","138.8","0","19.6","25.6","13.6",,
"USW00014853","DETROIT WILLOW RUN AIRPORT, MI US","1960-07","182.4","0","0","10.6","0","0.0","20.8","32.2","2.0","83.0","0","21.6","28.0","15.3",,
"USW00014853","DETROIT WILLOW RUN AIRPORT, MI US","1960-08","299.4","0","0","12.8","0","0.0","19.3","31.1","2.0","61.7","0","22.1","28.1","16.1",,
"USW00014853","DETROIT WILLOW RUN AIRPORT, MI US","1960-09","362.1","0","0","5.0","0","0.0","22.1","34.4","30.6","31.8","0","19.5","25.4","13.5",,
"USW00014853","DETROIT WILLOW RUN AIRPORT, MI US","1960-10","363.8","0","0","-3.3","0","0.0","26.7","26.7","233.9","62.2","0","11.8","17.5","6.1",,
"USW00014853","DETROIT WILLOW RUN AIRPORT, MI US","1960-11","363.8","0","0","-5.0","0","10.0","6.4","18.3","609.1","25.7","25","5.8","10.2","1.5",,
"USW00014853","DETROIT WILLOW RUN AIRPORT, MI US","1960-12","363.8","7","1","-23.9","102","81.0","6.6","12.2","1319.1","12.6","108","-4.6","-0.2","-8.9",,
"USW00014853","DETROIT WILLOW RUN AIRPORT, MI US","1961-01","0.0","3","2","-20.0","25","69.0","3.0","11.7","2051.5","6.4","121","-5.3","-1.0","-9.6",,
"USW00014853","DETROIT WILLOW RUN AIRPORT, MI US","1961-02","0.0","9","2","-21.7","102","41.0","21.1","13.9","2574.9","49.1","87","-0.4","4.6","-5.3",,
"USW00014853","DETROIT WILLOW RUN AIRPORT, MI US","1961-03","0.0","0","0","-10.0","0","18.0","27.9","22.8","3021.7","71.3","18","3.9","8.7","-0.9",,
"USW00014853","DETROIT WILLOW RUN AIRPORT, MI US","1961-04","0.0","2","3","-5.6","102","58.0","36.6","22.8","3386.1","144.0","140","6.2","11.2","1.2",,
"USW00014853","DETROIT WILLOW RUN AIRPORT, MI US","1961-05","6.7","0","0","0.0","0","0.0","16.0","28.9","3556.4","45.7","0","13.1","19.4","6.7",,
"USW00014853","DETROIT WILLOW RUN AIRPORT, MI US","1961-06","79.5","0","0","7.8","0","0.0","24.9","35.6","3584.8","81.4","0","19.8","26.4","13.2",,
"USW00014853","DETROIT WILLOW RUN AIRPORT, MI US","1961-07","217.8","0","0","10.0","0","0.0","21.6","33.9","1.7","46.2","0","22.7","28.7","16.8",,
"USW00014853","DETROIT WILLOW RUN AIRPORT, MI US","1961-08","339.3","0","0","10.6","0","0.0","55.1","31.7","3.7","137.1","0","22.2","27.8","16.6",,
"USW00014853","DETROIT WILLOW RUN AIRPORT, MI US","1961-09","426.5","0","0","-1.1","0","0.0","53.1","32.2","50.9","165.8","0","19.7","25.8","13.5",,
"USW00014853","DETROIT WILLOW RUN AIRPORT, MI US","1961-10","427.9","0","0","-0.6","0","0.0","7.1","27.2","254.3","19.8","0","11.8","18.2","5.5",,
"USW00014853","DETROIT WILLOW RUN AIRPORT, MI US","1961-11","427.9","0","0","-8.3","0","0.0","37.1","22.8","691.1","62.8","0","3.8","9.1","-1.5",,
"USW00014853","DETROIT WILLOW RUN AIRPORT, MI US","1961-12","427.9","3","2","-18.3","25","38.0","8.6","14.4","1341.3","29.4","114","-2.6","1.1","-6.4",,
"USW00014853","DETROIT WILLOW RUN AIRPORT, MI US","1962-01","0.0","11","3","-20.6","25","28.0","14.0","5.0","2092.2","41.6","120","-5.9","-1.8","-10.0",,
"USW00014853","DETROIT WILLOW RUN AIRPORT, MI US","1962-02","0.0","27","7","-19.4","178","127.0","13.0","11.1","2741.6","61.9","483","-4.9","-0.6","-9.1",,
"USW00014853","DETROIT WILLOW RUN AIRPORT, MI US","1962-03","0.0","6","1","-16.1","25","53.0","9.7","26.1","3258.6","29.0","91","1.7","5.8","-2.5",,
"USW00014853","DETROIT WILLOW RUN AIRPORT, MI US","1962-04","11.5","0","0","-4.4","0","3.0","10.7","30.6","3548.1","33.1","3","9.1","16.0","2.1",,
"USW00014853","DETROIT WILLOW RUN AIRPORT, MI US","1962-05","85.4","0","0","3.3","0","0.0","13.0","35.6","3627.4","35.4","0","18.2","25.1","11.2",,
"USW00014853","DETROIT WILLOW RUN AIRPORT, MI US","1962-06","172.6","0","0","4.4","0","0.0","23.1","34.4","3639.9","76.4","0","20.8","27.8","13.8",,
"USW00014853","DETROIT WILLOW RUN AIRPORT, MI US","1962-07","270.1","0","0","10.0","0","0.0","27.2","33.9","1.7","108.4","0","21.4","27.8","15.0",,
"USW00014853","DETROIT WILLOW RUN AIRPORT, MI US","1962-08","370.7","0","0","8.9","0","0.0","18.5","33.3","3.6","82.0","0","21.5","28.3","14.7",,
"USW00014853","DETROIT WILLOW RUN AIRPORT, MI US","1962-09","402.3","0","0","2.8","0","0.0","33.0","32.2","98.8","81.9","0","16.2","22.2","10.2",,
"USW00014853","DETROIT WILLOW RUN AIRPORT, MI US","1962-10","408.2","0","0","-3.9","0","0.0","22.4","29.4","288.1","57.8","0","12.4","17.8","7.0",,
"USW00014853","DETROIT WILLOW RUN AIRPORT, MI US","1962-11","408.2","0","0","-8.3","0","0.0","11.9","15.0","722.8","32.1","0","3.8","8.4","-0.8",,
"USW00014853","DETROIT WILLOW RUN AIRPORT, MI US","1962-12","408.2","25","3","-17.8","178","145.0","14.5","13.3","1438.7","34.6","373","-4.8","-0.5","-9.1",,
"USW00014853","DETROIT WILLOW RUN AIRPORT, MI US","1963-01","0.0","30","2","-25.0","127","71.0","4.6","2.8","2288.0","20.8","234","-9.1","-5.7","-12.4",,
"USW00014853","DETROIT WILLOW RUN AIRPORT, MI US","1963-02","0.0","19","4","-21.1","127","51.0","3.3","6.7","3020.2","14.7","190","-7.8","-3.4","-12.3",,
"USW00014853","DETROIT WILLOW RUN AIRPORT, MI US","1963-03","0.0","2","1","-15.0","76","33.0","10.9","25.6","3503.4","58.2","114","2.8","7.1","-1.6",,
"USW00014853","DETROIT WILLOW RUN AIRPORT, MI US","1963-04","1.4","0","0","-3.9","0","8.0","24.1","27.2","3792.0","67.0","8","8.8","14.9","2.7",,
"USW00014853","DETROIT WILLOW RUN AIRPORT, MI US","1963-05","11.4","0","0","-0.6","0","0.0","27.2","31.1","3963.8","83.9","0","13.1","19.7","6.5",,
"USW00014853","DETROIT WILLOW RUN AIRPORT, MI US","1963-06","92.3","0","0","4.4","0","0.0","25.4","33.9","3996.0","51.1","0","19.9","27.8","12.1",,
"USW00014853","DETROIT WILLOW RUN AIRPORT, MI US","1963-07","232.8","0","0","8.9","0","0.0","20.3","35.6","3.6","53.9","0","22.8","29.7","15.8",,
"USW00014853","DETROIT WILLOW RUN AIRPORT, MI US","1963-08","308.3","0","0","7.2","0","0.0","15.5","33.9","19.6","34.9","0","20.3","26.6","13.9",,
"USW00014853","DETROIT WILLOW RUN AIRPORT, MI US","1963-09","321.3","0","0","3.3","0","0.0","15.5","31.1","101.8","36.5","0","16.0","23.1","8.9",,
"USW00014853","DETROIT WILLOW RUN AIRPORT, MI US","1963-10","329.1","0","0","-1.7","0","0.0","12.7","32.8","213.7","14.0","0","15.0","23.0","7.0",,
"USW00014853","DETROIT WILLOW RUN AIRPORT, MI US","1963-11","329.1","0","0","-5.6","0","0.0","9.9","18.9","562.9","26.7","0","6.7","11.1","2.3",,
"USW00014853","DETROIT WILLOW RUN AIRPORT, MI US","1963-12","329.1","20","4","-21.1","127","71.0","6.9","11.7","1282.9","25.5","226","-4.9","-1.3","-8.5",,
"USW00014853","DETROIT WILLOW RUN AIRPORT, MI US","1964-01","0.0","9","2","-18.9","127","58.0","23.4","11.7","1912.2","42.8","94","-2.0","1.9","-5.9",,
"USW00014853","DETROIT WILLOW RUN AIRPORT, MI US","1964-02","0.0","10","3","-12.8","51","46.0","4.6","8.9","2525.5","15.5","164","-2.8","1.4","-7.0",,
"USW00014853","DETROIT WILLOW RUN AIRPORT, MI US","1964-03","0.0","5","4","-10.6","76","81.0","26.2","20.0","3052.7","76.0","256","1.3","6.2","-3.6",,
"USW00014853","DETROIT WILLOW RUN AIRPORT, MI US","1964-04","1.7","0","0","-7.8","0","15.0","20.6","28.9","3333.4","96.5","25","9.0","15.1","3.0",,
"USW00014853","DETROIT WILLOW RUN AIRPORT, MI US","1964-05","32.0","0","0","2.2","0","0.0","32.5","32.2","3425.0","61.7","0","16.4","23.1","9.6",,
"USW00014853","DETROIT WILLOW RUN AIRPORT, MI US","1964-06","119.0","0","0","5.0","0","0.0","48.5","34.4","3469.6","79.6","0","19.8","26.3","13.2",,
"USW00014853","DETROIT WILLOW RUN AIRPORT, MI US","1964-07","277.7","0","0","9.4","0","0.0","21.6","35.0","0.8","45.5","0","23.4","29.9","16.9",,
"USW00014853","DETROIT WILLOW RUN AIRPORT, MI US","1964-08","338.0","0","0","6.1","0","0.0","51.8","37.2","36.6","144.2","0","19.1","25.5","12.8",,
"USW00014853","DETROIT WILLOW RUN AIRPORT, MI US","1964-09","372.0","0","0","1.7","0","0.0","8.9","32.8","134.8","36.0","0","16.2","22.2","10.2",,
"USW00014853","DETROIT WILLOW RUN AIRPORT, MI US","1964-10","372.0","0","0","-6.1","0","0.0","4.8","25.6","425.4","9.9","0","9.0","15.7","2.3",,
"USW00014853","DETROIT WILLOW RUN AIRPORT, MI US","1964-11","372.0","4","2","-9.4","76","51.0","7.4","21.7","802.3","19.0","95","5.8","11.2","0.4",,
"USW00014853","DETROIT WILLOW RUN AIRPORT, MI US","1964-12","372.0","12","2","-14.4","127","69.0","11.4","12.2","1429.5","44.3","189","-1.9","1.7","-5.5",,
"USW00014853","DETROIT WILLOW RUN AIRPORT, MI US","1965-01","0.0","10","2","-20.0","51","122.0","15.7","15.0","2156.0","83.7","183","-5.1","-1.2","-9.0","260","15.6"
"USW00014853","DETROIT WILLOW RUN AIRPORT, MI US","1965-02","0.0","11","4","-20.6","279","170.0","25.4","12.2","2797.3","70.6","422","-4.6","0.1","-9.3","220","17.9"
"USW00014853","DETROIT WILLOW RUN AIRPORT, MI US","1965-03","0.0","14","4","-14.4","178","104.0","27.7","5.6","3434.1","72.6","295","-2.2","1.2","-5.6","230","17.9"
"USW00014853","DETROIT WILLOW RUN AIRPORT, MI US","1965-04","0.0","1","1","-7.8","51","56.0","43.9","21.7","3792.3","75.7","56","6.4","12.2","0.6","270","14.3"
"USW00014853","DETROIT WILLOW RUN AIRPORT, MI US","1965-05","19.1","0","0","1.7","0","0.0","17.3","28.9","3894.3","47.5","0","15.7","22.9","8.5","220","15.6"
"USW00014853","DETROIT WILLOW RUN AIRPORT, MI US","1965-06","63.7","0","0","3.9","0","0.0","18.8","33.9","3941.8","43.3","0","18.2","25.8","10.7","180","15.6"
"USW00014853","DETROIT WILLOW RUN AIRPORT, MI US","1965-07","127.6","0","0","5.6","0","0.0","16.0","33.9","18.8","46.7","0","19.8","26.9","12.6","240","11.2"
"USW00014853","DETROIT WILLOW RUN AIRPORT, MI US","1965-08","202.2","0","0","4.4","0","0.0","21.8","34.4","55.7","111.7","0","19.6","25.1","14.0","270","11.2"
"USW00014853","DETROIT WILLOW RUN AIRPORT, MI US","1965-09","241.9","0","0","-0.6","0","0.0","19.8","30.0","136.2","58.1","0","17.0","22.4","11.5","190","10.7"
"USW00014853","DETROIT WILLOW RUN AIRPORT, MI US","1965-10","241.9","0","0","-6.7","0","0.0","33.5","25.0","426.6","68.0","0","9.0","14.5","3.4","290","14.8"
"USW00014853","DETROIT WILLOW RUN AIRPORT, MI US","1965-11","241.9","0","0","-6.7","0","8.0","14.0","21.7","848.8","25.5","8","4.3","9.4","-0.9","240","17.9"
"USW00014853","DETROIT WILLOW RUN AIRPORT, MI US","1965-12","241.9","1","0","-9.4","25","20.0","58.2","14.4","1396.6","122.2","31","0.7","4.2","-2.9","350","13.4"
"USW00014853","DETROIT WILLOW RUN AIRPORT, MI US","1966-01","0.0","19","2","-21.1","76","51.0","4.3","6.7","2181.0","12.6","112","-7.0","-2.8","-11.1","280","13.4"
"USW00014853","DETROIT WILLOW RUN AIRPORT, MI US","1966-02","0.0","9","0","-18.3","51","20.0","9.9","15.0","2778.4","20.7","40","-3.0","1.1","-7.1","260","12.5"
"USW00014853","DETROIT WILLOW RUN AIRPORT, MI US","1966-03","0.0","1","1","-9.4","25","48.0","10.4","20.0","3265.4","43.1","77","2.6","8.3","-3.0","250","19.7"
"USW00014853","DETROIT WILLOW RUN AIRPORT, MI US","1966-04","0.0","1","1","-3.9","25","36.0","20.3","24.4","3616.2","64.3","57","6.6","12.1","1.2","90","13.9"
"USW00014853","DETROIT WILLOW RUN AIRPORT, MI US","1966-05","2.0","0","0","-5.0","0","0.0","36.1","30.0","3860.9","55.6","0","10.5","17.2","3.8","270","13.4"
"USW00014853","DETROIT WILLOW RUN AIRPORT, MI US","1966-06","90.9","0","0","0.6","0","0.0","22.9","34.4","3893.4","65.8","0","20.2","27.6","12.9","230","12.5"
"USW00014853","DETROIT WILLOW RUN AIRPORT, MI US","1966-07","221.7","0","0","8.9","0","0.0","67.8","36.7","1.6","126.0","0","22.5","29.6","15.4","160","13.0"
"USW00014853","DETROIT WILLOW RUN AIRPORT, MI US","1966-08","282.5","0","0","8.3","0","0.0","34.5","31.1","18.3","98.3","0","19.8","26.3","13.2","340","10.7"
"USW00014853","DETROIT WILLOW RUN AIRPORT, MI US","1966-09","302.5","0","0","1.7","0","0.0","24.9","30.6","123.6","47.3","0","15.5","21.8","9.1","320","15.6"
"USW00014853","DETROIT WILLOW RUN AIRPORT, MI US","1966-10","302.5","0","0","-5.6","0","0.0","9.1","24.4","409.1","25.2","0","9.1","15.5","2.8","240","14.3"
"USW00014853","DETROIT WILLOW RUN AIRPORT, MI US","1966-11","302.5","7","5","-6.7","127","198.0","19.8","17.2","835.9","78.4","383","4.1","8.2","0.1","350","17.9"
"USW00014853","DETROIT WILLOW RUN AIRPORT, MI US","1966-12","302.5","25","4","-15.0","152","142.0","24.1","18.3","1496.7","107.5","392","-3.0","0.8","-6.8","200","14.3"
"USW00014853","DETROIT WILLOW RUN AIRPORT, MI US","1967-01","0.0","19","2","-17.8","127","81.0","32.3","15.0","2144.6","58.9","142","-2.6","1.5","-6.6","40","13.4"
"USW00014853","DETROIT WILLOW RUN AIRPORT, MI US","1967-02","0.0","28","4","-20.6","203","84.0","10.2","8.3","2821.7","29.8","274","-5.9","-1.6","-10.1","260","19.7"
"USW00014853","DETROIT WILLOW RUN AIRPORT, MI US","1967-03","0.0","11","1","-16.1","51","89.0","12.2","23.3","3360.8","19.1","130","0.9","5.6","-3.7","330","15.6"
"USW00014853","DETROIT WILLOW RUN AIRPORT, MI US","1967-04","0.0","0","0","-7.2","0","20.0","18.8","25.6","3658.0","79.8","20","8.4","14.3","2.6","270","19.7"
"USW00014853","DETROIT WILLOW RUN AIRPORT, MI US","1967-05","1.4","0","0","-1.1","0","0.0","15.2","28.9","3892.2","26.8","0","10.8","17.0","4.6","280","13.0"
"USW00014853","DETROIT WILLOW RUN AIRPORT, MI US","1967-06","95.0","0","0","5.0","0","0.0","24.9","35.0","3900.3","65.5","0","21.2","27.9","14.4","290","15.6"
"USW00014853","DETROIT WILLOW RUN AIRPORT, MI US","1967-07","183.4","0","0","8.3","0","0.0","6.9","33.3","17.5","25.8","0","20.6","26.5","14.7","300","10.7"
"USW00014853","DETROIT WILLOW RUN AIRPORT, MI US","1967-08","234.6","0","0","6.1","0","0.0","11.2","30.6","41.4","43.0","0","19.2","25.8","12.6","250","17.9"
"USW00014853","DETROIT WILLOW RUN AIRPORT, MI US","1967-09","241.3","0","0","1.1","0","0.0","35.1","27.8","149.2","52.1","0","15.0","22.0","7.9","360","13.0"
"USW00014853","DETROIT WILLOW RUN AIRPORT, MI US","1967-10","245.2","0","1","-4.4","0","25.0","37.6","27.8","411.4","103.2","25","10.0","15.1","4.9","270","14.3"
"USW00014853","DETROIT WILLOW RUN AIRPORT, MI US","1967-11","245.2","0","0","-10.6","0","18.0","21.8","13.3","912.9","60.9","46","1.6","5.0","-1.7","280","13.0"
"USW00014853","DETROIT WILLOW RUN AIRPORT, MI US","1967-12","245.2","8","2","-18.3","51","38.0","59.9","15.6","1504.0","123.0","116","-0.7","2.8","-4.2","270","15.6"
"USW00014853","DETROIT WILLOW RUN AIRPORT, MI US","1968-01","0.0","28","4","-21.1","254","109.0","12.2","6.1","2244.3","49.5","246","-5.6","-1.6","-9.5","300","13.9"
"USW00014853","DETROIT WILLOW RUN AIRPORT, MI US","1968-02","0.0","2","1","-18.3","51","36.0","29.0","12.2","2909.5","36.6","64","-4.6","0.3","-9.6","290","15.6"
"USW00014853","DETROIT WILLOW RUN AIRPORT, MI US","1968-03","0.0","7","3","-13.3","229","127.0","13.2","23.3","3395.7","59.2","331","2.6","8.9","-3.6","360","13.0"
"USW00014853","DETROIT WILLOW RUN AIRPORT, MI US","1968-04","0.0","0","0","-2.8","0","5.0","22.9","25.6","3664.0","69.9","8","9.4","15.8","3.0","230","19.7"
"USW00014853","DETROIT WILLOW RUN AIRPORT, MI US","1968-05","2.5","0","0","-2.2","0","0.0","51.6","28.3","3862.2","135.2","0","12.0","17.7","6.3","230","13.4"
"USW00014853","DETROIT WILLOW RUN AIRPORT, MI US","1968-06","61.2","0","0","8.3","0","0.0","82.0","34.4","3894.4","157.5","0","19.2","25.3","13.1","300","13.0"
"USW00014853","DETROIT WILLOW RUN AIRPORT, MI US","1968-07","156.4","0","0","8.9","0","0.0","27.9","32.2","8.1","91.8","0","21.1","27.5","14.8","220","11.6"
"USW00014853","DETROIT WILLOW RUN AIRPORT, MI US","1968-08","265.3","0","0","6.7","0","0.0","31.0","32.8","30.6","55.2","0","21.1","26.8","15.4","280","10.7"
"USW00014853","DETROIT WILLOW RUN AIRPORT, MI US","1968-09","296.0","0","0","4.4","0","0.0","6.6","28.3","80.4","47.0","0","17.7","23.4","12.0","310","10.3"
"USC00209014","WILLIS 5 SSW, MI US","1960-01","0.0","12","1","-16.7","76","89.0","38.6","11.1","2069.6","76.3","115","-3.2","0.4","-6.8",,
"USC00209014","WILLIS 5 SSW, MI US","1960-02","0.0","8","5","-14.4","178","114.0","15.2","9.4","2692.8","65.8","369","-3.2","0.8","-7.1",,
"USC00209014","WILLIS 5 SSW, MI US","1960-03","0.0","25","3","-23.9","203","114.0","11.4","21.1","3404.8","25.7","239","-4.6","1.2","-10.5",,
"USC00209014","WILLIS 5 SSW, MI US","1960-04","6.3","0","0","-5.6","0","13.0","16.0","29.4","3676.1","50.6","16","9.5","16.0","3.0",,
"USC00209014","WILLIS 5 SSW, MI US","1960-05","8.9","0","0","0.0","0","0.0","13.7","27.8","3825.8","59.9","0","13.6","19.7","7.5",,
"USC00209014","WILLIS 5 SSW, MI US","1960-06","42.7","0","0","4.4","0","0.0","35.8","31.1","3863.8","140.8","0","18.2","24.7","11.7",,
"USC00209014","WILLIS 5 SSW, MI US","1960-07","105.0","0","0","6.7","0","0.0","28.7","31.1","11.7","110.5","0","20.0","27.1","12.9",,
"USC00209014","WILLIS 5 SSW, MI US","1960-08","176.1","0","0","8.9","0","0.0","15.0","31.1","13.1","46.0","0","20.6","27.3","13.9",,
"USC00209014","WILLIS 5 SSW, MI US","1960-09","219.0","0","0","-0.6","0","0.0","22.1","33.3","63.6","30.4","0","18.1","25.4","10.8",,
"USC00209014","WILLIS 5 SSW, MI US","1960-10","219.0","0","0","-7.8","0","0.0","16.0","26.7","317.0","44.3","0","10.2","17.5","2.8",,
"USC00209014","WILLIS 5 SSW, MI US","1960-11","219.0","1","1","-6.7","25","25.0","6.9","18.3","711.7","34.5","46","5.2","10.2","0.2",,
"USC00209014","WILLIS 5 SSW, MI US","1960-12","219.0","16","2","-24.4","102","76.0","6.4","12.2","1445.8","14.3","143","-5.4","-0.6","-10.1",,
"USC00209014","WILLIS 5 SSW, MI US","1961-01","0.0","12","1","-22.8","51","51.0","5.1","11.7","2202.3","9.0","113","-6.1","-1.6","-10.6",,
"USC00209014","WILLIS 5 SSW, MI US","1961-02","0.0","9","2","-21.1","76","38.0","24.6","13.3","2746.8","65.7","76","-1.1","4.0","-6.2",,
"USC00209014","WILLIS 5 SSW, MI US","1961-03","0.0","0","1","-9.4","0","30.0","25.1","22.2","3202.4","74.6","48","3.6","8.4","-1.2",,
"USC00209014","WILLIS 5 SSW, MI US","1961-04","0.0","2","3","-6.1","51","51.0","25.4","22.8","3589.2","138.0","140","5.4","10.8","0.1",,
"USC00209014","WILLIS 5 SSW, MI US","1961-05","3.3","0","0","-1.1","0","0.0","17.5","27.8","3780.4","63.3","0","12.3","18.8","5.8",,
"USC00209014","WILLIS 5 SSW, MI US","1961-06","57.0","0","0","4.4","0","0.0","21.1","33.3","3823.1","85.8","0","18.7","25.5","11.9",,
"USC00209014","WILLIS 5 SSW, MI US","1961-07","152.5","0","0","6.1","0","0.0","17.8","32.8","6.9","77.8","0","21.2","27.9","14.5",,
"USC00209014","WILLIS 5 SSW, MI US","1961-08","235.4","0","0","6.1","0","0.0","48.5","30.6","14.2","121.4","0","20.8","26.9","14.6",,
"USC00209014","WILLIS 5 SSW, MI US","1961-09","309.8","0","0","-2.8","0","0.0","33.3","31.1","70.8","109.3","0","18.9","25.4","12.5",,
"USC00209014","WILLIS 5 SSW, MI US","1961-10","312.0","0","0","-1.7","0","0.0","7.6","27.2","280.8","27.4","0","11.6","18.2","5.1",,
"USC00209014","WILLIS 5 SSW, MI US","1961-11","312.0","0","0","-8.9","0","0.0","34.8","22.8","715.3","61.0","0","3.9","9.6","-1.9",,
"USC00209014","WILLIS 5 SSW, MI US","1961-12","312.0","15","3","-19.4","51","64.0","10.4","14.4","1377.6","32.9","171","-3.0","0.7","-6.8",,
"USC00209014","WILLIS 5 SSW, MI US","1962-01","0.0","13","3","-21.7","51","46.0","15.2","4.4","2143.8","50.3","136","-6.4","-2.2","-10.6",,
"USC00209014","WILLIS 5 SSW, MI US","1962-02","0.0","26","6","-21.1","305","112.0","14.0","12.2","2803.7","65.4","496","-5.2","-1.0","-9.5",,
"USC00209014","WILLIS 5 SSW, MI US","1962-03","0.0","10","2","-17.8","102","38.0","9.1","24.4","3342.0","27.9","76","1.0","5.3","-3.4",,
"USC00209014","WILLIS 5 SSW, MI US","1962-04","12.4","0","0","-6.1","0","8.0","6.4","29.4","3647.3","25.0","8","8.6","15.3","1.8",,
"USC00209014","WILLIS 5 SSW, MI US","1962-05","71.2","0","0","1.7","0","0.0","16.3","33.3","3734.3","46.5","0","17.4","23.9","11.0",,
"USC00209014","WILLIS 5 SSW, MI US","1962-06","133.7","0","0","4.4","0","0.0","24.1","31.7","3753.4","78.4","0","19.8","26.3","13.2",,
"USC00209014","WILLIS 5 SSW, MI US","1962-07","195.8","0","0","6.7","0","0.0","49.3","32.8","11.1","115.0","0","20.0","26.3","13.7",,
"USC00209014","WILLIS 5 SSW, MI US","1962-08","259.6","0","0","6.1","0","0.0","17.8","32.2","22.6","80.4","0","20.0","27.4","12.6",,
"USC00209014","WILLIS 5 SSW, MI US","1962-09","276.8","0","0","-2.8","0","0.0","15.7","30.6","147.7","51.3","0","14.7","21.6","7.9",,
"USC00209014","WILLIS 5 SSW, MI US","1962-10","281.5","0","0","-6.1","0","0.0","21.6","29.4","374.3","58.8","0","11.2","17.6","4.8",,
"USC00209014","WILLIS 5 SSW, MI US","1962-11","281.5","0","0","-9.4","0","0.0","16.0","16.7","829.5","35.0","0","3.2","8.3","-1.9",,
"USC00209014","WILLIS 5 SSW, MI US","1962-12","281.5","26","4","-22.8","178","102.0","10.2","15.0","1564.2","30.5","322","-5.4","-0.2","-10.5",,
"USC00209014","WILLIS 5 SSW, MI US","1963-01","0.0","31","4","-27.2","203","71.0","5.6","3.9","2428.5","18.4","243","-10.3","-5.9","-14.6",,
"USC00209014","WILLIS 5 SSW, MI US","1963-02","0.0","24","4","-25.6","178","56.0","5.1","8.3","3197.5","17.0","188","-9.1","-3.1","-15.1",,
"USC00209014","WILLIS 5 SSW, MI US","1963-03","0.0","6","2","-20.0","102","56.0","18.3","25.6","3688.8","67.6","112","2.5","7.5","-2.5",,
"USC00209014","WILLIS 5 SSW, MI US","1963-04","1.4","0","0","-5.6","0","0.0","23.9","27.8","3991.1","81.1","0","8.3","15.2","1.4",,
"USC00209014","WILLIS 5 SSW, MI US","1963-05","12.8","0","0","-1.7","0","0.0","20.1","31.1","4165.4","84.5","0","13.1","20.1","6.1",,
"USC00209014","WILLIS 5 SSW, MI US","1963-06","86.9","0","0","3.9","0","0.0","26.4","34.4","4201.0","61.8","0","19.6","27.6","11.7",,
"USC00209014","WILLIS 5 SSW, MI US","1963-07","192.4","0","0","5.6","0","0.0","17.8","35.0","10.0","27.6","0","21.4","29.1","13.7",,
"USC00209014","WILLIS 5 SSW, MI US","1963-08","236.1","0","0","3.9","0","0.0","17.0","32.8","39.7","37.3","0","18.8","26.3","11.3",,
"USC00209014","WILLIS 5 SSW, MI US","1963-09","244.2","0","0","0.0","0","0.0","12.7","31.1","144.6","36.4","0","15.1","23.2","7.0",,
"USC00209014","WILLIS 5 SSW, MI US","1963-10","251.7","0","0","-7.2","0","0.0","20.6","32.8","284.4","22.4","0","14.1","23.6","4.5",,
"USC00209014","WILLIS 5 SSW, MI US","1963-11","251.7","0","0","-7.2","0","0.0","11.2","18.9","654.4","45.8","0","6.0","11.3","0.8",,
"USC00209014","WILLIS 5 SSW, MI US","1963-12","251.7","21","4","-25.0","102","51.0","9.4","12.2","1425.9","23.3","163","-6.6","-2.1","-11.0",,
"USC00209014","WILLIS 5 SSW, MI US","1964-01","0.0","10","2","-22.8","178","114.0","22.4","12.2","2067.3","50.2","188","-2.4","2.2","-6.9",,
"USC00209014","WILLIS 5 SSW, MI US","1964-02","0.0","11","3","-17.8","51","51.0","3.6","10.0","2701.5","15.3","203","-3.5","1.4","-8.5",,
"USC00209014","WILLIS 5 SSW, MI US","1964-03","0.0","7","5","-17.8","178","152.0","26.7","20.6","3240.7","90.9","363","0.9","6.7","-4.8",,
"USC00209014","WILLIS 5 SSW, MI US","1964-04","1.7","0","0","-11.1","0","13.0","17.0","28.9","3538.8","101.1","13","8.4","14.8","2.1",,
"USC00209014","WILLIS 5 SSW, MI US","1964-05","34.8","0","0","0.6","0","0.0","20.3","32.2","3631.2","47.5","0","16.4","23.3","9.5",,
"USC00209014","WILLIS 5 SSW, MI US","1964-06","118.5","0","0","3.9","0","0.0","67.8","35.0","3675.0","101.3","0","19.7","26.6","12.8",,
"USC00209014","WILLIS 5 SSW, MI US","1964-07","249.0","0","0","7.2","0","0.0","23.9","34.4","3.6","56.2","0","22.4","29.5","15.4",,
"USC00209014","WILLIS 5 SSW, MI US","1964-08","304.3","0","0","3.3","0","0.0","42.7","36.1","49.7","167.3","0","18.6","25.5","11.8",,
"USC00209014","WILLIS 5 SSW, MI US","1964-09","337.7","0","0","-1.1","0","0.0","11.9","32.2","148.2","48.9","0","16.2","22.9","9.5",,
"USC00209014","WILLIS 5 SSW, MI US","1964-10","337.7","0","0","-7.8","0","0.0","2.8","26.1","462.7","9.4","0","8.2","16.2","0.1",,
"USC00209014","WILLIS 5 SSW, MI US","1964-11","337.7","4","1","-13.9","76","76.0","6.9","22.8","865.6","20.7","102","4.9","11.4","-1.6",,
"USC00209014","WILLIS 5 SSW, MI US","1964-12","337.7","10","3","-22.2","102","76.0","15.5","12.8","1522.2","54.2","168","-2.9","1.6","-7.3",,
"USC00209014","WILLIS 5 SSW, MI US","1965-01","0.0","14","3","-22.2","127","127.0","20.3","15.6","2247.4","88.0","214","-5.1","-0.8","-9.3",,
"USC00209014","WILLIS 5 SSW, MI US","1965-02","0.0","10","4","-20.0","254","178.0","23.4","12.8","2884.3","67.9","377","-4.4","0.5","-9.3",,
"USC00209014","WILLIS 5 SSW, MI US","1965-03","0.0","13","6","-17.8","127","102.0","27.9","6.1","3510.9","74.6","287","-1.9","1.7","-5.4",,
"USC00209014","WILLIS 5 SSW, MI US","1965-04","0.0","1","1","-7.2","51","56.0","31.5","23.3","3863.1","67.0","56","6.6","12.4","0.8",,
"USC00209014","WILLIS 5 SSW, MI US","1965-05","30.3","0","0","2.8","0","0.0","19.6","30.0","3948.6","51.1","0","16.6","23.6","9.6",,
"USC00209014","WILLIS 5 SSW, MI US","1965-06","77.6","0","0","5.0","0","0.0","17.3","32.8","3984.1","53.2","0","18.7","26.1","11.4",,
"USC00209014","WILLIS 5 SSW, MI US","1965-07","138.5","0","0","3.3","0","0.0","29.7","33.9","25.8","71.2","0","19.5","27.0","11.9",,
"USC00209014","WILLIS 5 SSW, MI US","1965-08","203.7","0","0","1.7","0","0.0","16.8","35.0","67.2","98.7","0","19.1","25.3","12.9",,
"USC00209014","WILLIS 5 SSW, MI US","1965-09","251.8","0","0","2.8","0","0.0","18.5","31.1","141.3","66.3","0","17.5","23.3","11.6",,
"USC00209014","WILLIS 5 SSW, MI US","1965-10","251.8","0","0","-9.4","0","0.0","40.9","26.7","429.1","85.8","0","9.1","15.5","2.6",,
"USC00209014","WILLIS 5 SSW, MI US","1965-11","251.8","0","0","-8.3","0","10.0","11.7","22.8","848.4","42.0","10","4.4","10.3","-1.6",,
"USC00209014","WILLIS 5 SSW, MI US","1965-12","251.8","0","0","-10.6","0","10.0","44.5","15.0","1384.4","116.5","26","1.0","4.8","-2.7",,
"USC00209014","WILLIS 5 SSW, MI US","1966-01","0.0","19","2","-23.3","76","58.0","5.1","7.2","2173.5","11.1","137","-7.1","-2.4","-11.9",,
"USC00209014","WILLIS 5 SSW, MI US","1966-02","0.0","8","1","-20.0","76","38.0","14.0","15.6","2774.2","30.1","98","-3.1","1.4","-7.7",,
"USC00209014","WILLIS 5 SSW, MI US","1966-03","0.0","3","3","-12.8","51","51.0","16.0","20.6","3260.1","56.1","109","2.7","8.4","-3.1",,
"USC00209014","WILLIS 5 SSW, MI US","1966-04","0.8","0","0","-4.4","0","13.0","19.1","24.4","3611.5","65.0","13","6.6","12.2","1.1",,
"USC00209014","WILLIS 5 SSW, MI US","1966-05","5.2","0","0","-5.6","0","0.0","39.4","31.1","3835.4","57.9","0","11.3","18.0","4.5",,
"USC00209014","WILLIS 5 SSW, MI US","1966-06","93.5","0","0","1.7","0","0.0","21.3","33.9","3865.9","65.8","0","20.3","27.5","13.0",,
"USC00209014","WILLIS 5 SSW, MI US","1966-07","211.9","0","0","7.8","0","0.0","45.7","35.0","2.8","73.9","0","22.1","29.3","14.8",,
"USC00209014","WILLIS 5 SSW, MI US","1966-08","264.0","0","0","6.7","0","0.0","31.0","31.1","19.7","100.7","0","19.5","26.6","12.4",,
"USC00209014","WILLIS 5 SSW, MI US","1966-09","282.4","0","0","-1.1","0","0.0","13.7","31.1","128.8","35.1","0","15.3","22.6","8.0",,
"USC00209014","WILLIS 5 SSW, MI US","1966-10","282.4","0","0","-8.9","0","0.0","18.8","24.4","413.1","32.8","0","9.2","16.2","2.1",,
"USC00209014","WILLIS 5 SSW, MI US","1966-11","282.4","7","4","-7.8","178","102.0","13.7","17.8","840.5","71.5","357","4.1","8.7","-0.5",,
"USC00209014","WILLIS 5 SSW, MI US","1966-12","282.4","25","5","-20.0","178","140.0","29.7","18.3","1522.1","124.3","435","-3.6","1.1","-8.5",,
"USC00209014","WILLIS 5 SSW, MI US","1967-01","0.0","26","2","-18.9","127","89.0","21.8","15.6","2172.5","52.2","181","-2.6","1.9","-7.2",,
"USC00209014","WILLIS 5 SSW, MI US","1967-02","0.0","28","4","-25.0","229","102.0","7.9","11.1","2849.4","30.7","350","-5.8","-1.2","-10.5",,
"USC00209014","WILLIS 5 SSW, MI US","1967-03","0.0","4","4","-21.7","152","89.0","12.7","23.3","3389.6","26.9","208","0.9","6.1","-4.3",,
"USC00209014","WILLIS 5 SSW, MI US","1967-04","0.0","0","1","-6.7","0","25.0","24.1","25.0","3680.4","103.3","25","8.5","14.4","2.6",,
"USC00209014","WILLIS 5 SSW, MI US","1967-05","2.2","0","0","-2.2","0","0.0","21.6","30.0","3901.8","45.3","0","11.3","17.6","4.9",,
"USC00209014","WILLIS 5 SSW, MI US","1967-06","92.8","0","0","6.1","0","0.0","77.5","33.3","3910.4","146.8","0","21.1","27.6","14.5",,
"USC00209014","WILLIS 5 SSW, MI US","1967-07","170.1","0","0","7.8","0","0.0","28.7","30.6","17.4","55.6","0","20.3","26.1","14.4",,
"USC00209014","WILLIS 5 SSW, MI US","1967-08","208.6","0","0","3.9","0","0.0","46.0","30.6","49.0","81.4","0","18.6","25.5","11.6",,
"USC00209014","WILLIS 5 SSW, MI US","1967-09","213.3","0","0","-1.1","0","0.0","26.9","28.3","172.9","53.3","0","14.4","22.1","6.6",,
"USC00209014","WILLIS 5 SSW, MI US","1967-10","218.0","0","0","-6.1","0","0.0","45.2","29.4","422.4","137.8","0","10.4","16.2","4.7",,
"USC00209014","WILLIS 5 SSW, MI US","1967-11","218.0","0","2","-11.1","0","25.0","22.9","14.4","924.1","72.2","63","1.6","5.5","-2.3",,
"USC00209014","WILLIS 5 SSW, MI US","1967-12","218.0","7","3","-21.7","51","25.0","72.4","16.1","1513.5","153.1","96","-0.7","3.2","-4.5",,
"USC00209014","WILLIS 5 SSW, MI US","1968-01","0.0","27","4","-23.9","279","127.0","12.2","7.8","2281.2","48.6","331","-6.4","-1.9","-11.0",,
"USC00209014","WILLIS 5 SSW, MI US","1968-02","0.0","4","3","-19.4","25","30.0","30.5","13.9","2950.2","40.8","114","-4.7","0.8","-10.2",,
"USC00209014","WILLIS 5 SSW, MI US","1968-03","0.0","6","3","-13.9","203","102.0","12.2","22.2","3436.9","58.7","293","2.6","9.0","-3.7",,
"USC00209014","WILLIS 5 SSW, MI US","1968-04","0.0","0","0","-3.3","0","0.0","26.4","25.6","3706.1","51.3","0","9.4","15.8","2.9",,
"USC00209014","WILLIS 5 SSW, MI US","1968-05","3.6","0","0","-3.3","0","0.0","51.6","29.4","3889.7","178.9","0","12.5","18.1","7.0",,
"USC00209014","WILLIS 5 SSW, MI US","1968-06","63.3","0","0","7.2","0","0.0","59.9","33.3","3919.7","126.9","0","19.3","25.3","13.4",,
"USC00209014","WILLIS 5 SSW, MI US","1968-07","153.4","0","0","7.2","0","0.0","47.8","32.8","10.3","152.0","0","20.9","27.3","14.6",,
"USC00209014","WILLIS 5 SSW, MI US","1968-08","262.8","0","0","6.1","0","0.0","40.6","32.2","33.4","92.6","0","21.1","27.1","15.2",,
"USC00209014","WILLIS 5 SSW, MI US","1968-09","290.9","0","0","2.8","0","0.0","17.5","30.0","89.7","68.6","0","17.4","23.8","10.9",,
"USC00209014","WILLIS 5 SSW, MI US","1968-10","299.8","0","0","-6.7","0","0.0","7.9","28.3","336.4","29.6","0","10.7","17.2","4.1",,
"USC00209014","WILLIS 5 SSW, MI US","1968-11","299.8","0","0","-7.8","0","8.0","39.1","24.4","768.2","92.1","8","3.9","8.8","-0.9",,
"USC00209014","WILLIS 5 SSW, MI US","1968-12","299.8","8","3","-18.3","25","51.0","29.5","11.1","1422.5","92.3","192","-2.8","1.1","-6.6",,
"USC00209014","WILLIS 5 SSW, MI US","1969-01","0.0","24","4","-20.6","127","69.0","18.0","11.1","2166.5","75.9","178","-5.7","-1.3","-10.0",,
"USC00209014","WILLIS 5 SSW, MI US","1969-02","0.0","4","1","-13.3","25","38.0","2.8","7.2","2755.5","2.8","38","-2.7","1.6","-7.0",,
"USC00209014","WILLIS 5 SSW, MI US","1969-03","0.0","0","1","-12.8","0","51.0","24.1","20.0","3312.8","39.7","77","0.4","6.5","-5.8",,
"USC00209014","WILLIS 5 SSW, MI US","1969-04","1.4","0","0","-6.1","0","13.0","25.9","26.7","3593.7","105.8","13","9.0","15.8","2.2",,
"USC00209014","WILLIS 5 SSW, MI US","1969-05","14.2","0","0","-0.6","0","0.0","30.5","31.1","3755.2","104.7","0","13.5","20.4","6.7",,
"USC00209014","WILLIS 5 SSW, MI US","1969-06","55.0","0","0","2.8","0","0.0","26.2","32.8","3833.0","99.3","0","17.1","22.6","11.6",,
"USC00209014","WILLIS 5 SSW, MI US","1969-07","156.7","0","0","11.7","0","0.0","21.1","32.2","2.5","115.9","0","21.5","27.1","16.0",,
"USC00209014","WILLIS 5 SSW, MI US","1969-08","248.5","0","0","5.6","0","0.0","40.4","31.7","7.2","47.1","0","21.1","28.3","14.0",,
"USC00209014","WILLIS 5 SSW, MI US","1969-09","278.0","0","0","0.6","0","0.0","11.4","28.9","87.0","30.5","0","16.7","23.0","10.3",,
"USC00209014","WILLIS 5 SSW, MI US","1969-10","278.0","0","0","-8.9","0","0.0","10.9","26.1","357.9","52.4","0","9.6","15.8","3.4",,
"USC00209014","WILLIS 5 SSW, MI US","1969-11","278.0","5","2","-12.2","51","76.0","31.0","14.4","821.9","75.4","127","2.9","7.3","-1.5",,
"USC00209014","WILLIS 5 SSW, MI US","1969-12","278.0","15","3","-19.4","127","76.0","11.4","6.1","1510.7","26.5","204","-3.9","0.4","-8.1",,
"USC00209014","WILLIS 5 SSW, MI US","1970-01","0.0","28","6","-27.2","254","89.0","8.6","8.9","2373.0","23.9","339","-9.5","-4.0","-14.9",,
"USC00209014","WILLIS 5 SSW, MI US","1970-02","0.0","16","5","-23.9","127","102.0","6.9","11.1","3020.5","19.4","254","-4.8","0.5","-10.1",,
"USC00209014","WILLIS 5 SSW, MI US","1970-03","0.0","1","2","-11.7","51","89.0","35.1","11.7","3600.5","71.3","150","-0.4","4.4","-5.2",,
"USC00209014","WILLIS 5 SSW, MI US","1970-04","6.7","2","2","-6.1","76","76.0","24.6","28.9","3894.7","75.8","101","8.8","14.6","2.9",,
"USC00209014","WILLIS 5 SSW, MI US","1970-05","27.5","0","0","-2.8","0","0.0","46.2","29.4","4009.2","103.1","0","15.3","21.6","9.0",,
"USC00209014","WILLIS 5 SSW, MI US","1970-06","92.3","0","0","3.9","0","0.0","10.7","33.9","4049.2","62.5","0","19.2","25.6","12.7",,
"USC00209014","WILLIS 5 SSW, MI US","1970-07","202.4","0","0","7.2","0","0.0","22.6","33.3","11.4","88.9","0","21.5","27.4","15.6",,
"USC00209014","WILLIS 5 SSW, MI US","1970-08","283.2","0","0","7.8","0","0.0","21.6","32.2","22.7","50.6","0","20.6","27.6","13.6",,
"USC00209014","WILLIS 5 SSW, MI US","1970-09","326.5","0","0","-2.2","0","0.0","21.3","32.2","102.5","51.6","0","17.1","24.0","10.2",,
"USC00209014","WILLIS 5 SSW, MI US","1970-10","331.3","0","0","-4.4","0","0.0","19.3","27.2","320.7","55.5","0","11.4","17.8","5.1",,
"USC00209014","WILLIS 5 SSW, MI US","1970-11","331.3","2","2","-9.4","25","38.0","16.0","17.2","758.4","78.1","68","3.7","7.8","-0.3",,
"USC00209014","WILLIS 5 SSW, MI US","1970-12","331.3","15","5","-18.3","127","76.0","12.7","17.8","1392.8","43.4","218","-2.1","2.4","-6.7",,
"USC00209014","WILLIS 5 SSW, MI US","1971-01","0.0","12","7","-21.7","102","76.0","5.6","8.9","2175.9","21.7","315","-6.9","-2.0","-11.8",,
"USC00209014","WILLIS 5 SSW, MI US","1971-02","0.0","9","2","-23.3","127","76.0","31.2","13.3","2768.7","75.5","147","-2.8","1.2","-6.9",,
"USC00209014","WILLIS 5 SSW, MI US","1971-03","0.0","8","4","-12.8","76","76.0","13.0","20.0","3338.6","41.6","232","-0.1","4.8","-4.9",,
"USC00209014","WILLIS 5 SSW, MI US","1971-04","0.0","0","1","-8.3","0","25.0","9.4","27.8","3688.0","25.6","25","6.7","14.4","-1.0",,
"USC00209014","WILLIS 5 SSW, MI US","1971-05","5.6","0","0","-2.8","0","0.0","11.9","30.6","3866.3","41.4","0","12.8","20.9","4.6",,
"USC00209014","WILLIS 5 SSW, MI US","1971-06","106.2","0","0","2.8","0","0.0","45.2","37.2","3887.2","82.1","0","21.0","28.5","13.5",,
"USC00209014","WILLIS 5 SSW, MI US","1971-07","175.4","0","0","5.0","0","0.0","10.7","31.7","18.9","39.2","0","20.0","27.6","12.3",,
"USC00209014","WILLIS 5 SSW, MI US","1971-08","234.5","0","0","2.2","0","0.0","17.3","34.4","30.6","24.5","0","19.9","28.7","11.0",,
"USC00209014","WILLIS 5 SSW, MI US","1971-09","291.8","0","0","-0.6","0","0.0","28.4","34.4","87.4","84.2","0","18.4","25.1","11.6",,
"USC00209014","WILLIS 5 SSW, MI US","1971-10","300.8","0","0","-1.7","0","0.0","16.8","30.6","228.4","33.6","0","14.1","21.1","7.1",,
"USC00209014","WILLIS 5 SSW, MI US","1971-11","300.8","4","3","-13.9","25","51.0","9.9","21.1","682.2","40.4","143","3.2","8.8","-2.4",,
"USC00209014","WILLIS 5 SSW, MI US","1971-12","300.8","5","1","-14.4","25","25.0","35.6","18.9","1239.8","108.1","72","0.4","5.0","-4.3",,
"USC00209014","WILLIS 5 SSW, MI US","1972-01","0.0","15","4","-26.1","51","64.0","7.4","11.1","1968.9","31.3","217","-5.2","-0.3","-10.0",,
"USC00209014","WILLIS 5 SSW, MI US","1972-02","0.0","16","5","-24.4","102","76.0","5.6","8.3","2651.1","19.9","228","-5.2","-0.1","-10.3",,
"USC00209014","WILLIS 5 SSW, MI US","1972-03","0.0","1","2","-15.0","25","25.0","17.8","21.7","3216.6","53.3","99","0.1","5.6","-5.4",,
"USC00209014","WILLIS 5 SSW, MI US","1972-04","0.0","0","2","-10.6","0","25.0","25.4","23.9","3564.6","101.2","50","6.7","13.1","0.4",,
"USC00209014","WILLIS 5 SSW, MI US","1972-05","7.8","0","0","-1.1","0","0.0","26.4","30.0","3677.1","84.3","0","14.9","22.1","7.8",,
"USC00209014","WILLIS 5 SSW, MI US","1972-06","44.3","0","0","0.6","0","0.0","96.8","31.1","3737.6","138.1","0","17.5","23.8","11.3",,
"USC00209014","WILLIS 5 SSW, MI US","1972-07","152.4","0","0","5.6","0","0.0","16.0","33.9","19.4","59.5","0","21.2","27.6","14.8",,
"USC00209014","WILLIS 5 SSW, MI US","1972-08","222.8","0","0","4.4","0","0.0","36.6","30.6","45.8","82.4","0","19.8","26.0","13.5",,
"USC00209014","WILLIS 5 SSW, MI US","1972-09","244.8","0","0","2.8","0","0.0","32.3","29.4","124.7","126.0","0","16.4","22.3","10.5",,
"USC00209014","WILLIS 5 SSW, MI US","1972-10","244.8","0","0","-8.3","0","0.0","15.5","24.4","445.0","55.3","0","8.0","13.8","2.2",,
"USC00209014","WILLIS 5 SSW, MI US","1972-11","244.8","5","3","-6.1","76","76.0","20.6","21.7","913.7","94.1","160","2.7","5.6","-0.1",,
"USC00209014","WILLIS 5 SSW, MI US","1972-12","244.8","20","6","-16.7","76","89.0","20.8","13.3","1539.7","68.3","294","-1.9","1.4","-5.1",,
"USC00209014","WILLIS 5 SSW, MI US","1973-01","0.0","4","1","-15.0","25","30.0","19.3","15.0","2183.0","41.7","38","-2.4","1.9","-6.7",,
"USC00209014","WILLIS 5 SSW, MI US","1973-02","0.0","19","8","-25.0","152","76.0","4.6","11.1","2825.5","22.9","445","-4.6","0.3","-9.6",,
"USC00209014","WILLIS 5 SSW, MI US","1973-03","0.0","6","1","-7.2","178","178.0","24.6","20.0","3220.5","103.3","191","5.6","10.3","0.9",,
"USC00209014","WILLIS 5 SSW, MI US","1973-04","0.3","0","0","-6.1","0","0.0","11.4","25.0","3509.4","31.2","0","8.7","14.2","3.2",,
"USC00209014","WILLIS 5 SSW, MI US","1973-05","0.9","0","0","-2.2","0","0.0","21.8","24.4","3690.0","115.1","0","12.5","18.0","7.0",,
"USC00209014","WILLIS 5 SSW, MI US","1973-06","76.6","0","0","10.6","0","0.0","44.7","32.8","3694.5","115.4","0","20.7","26.4","15.0",,
"USC00209014","WILLIS 5 SSW, MI US","1973-07","179.3","0","0","8.3","0","0.0","41.1","32.2","2.0","107.3","0","21.6","27.7","15.4",,
"USC00209014","WILLIS 5 SSW, MI US","1973-08","281.9","0","0","6.7","0","0.0","25.7","34.4","12.3","54.5","0","21.3","27.9","14.7",,
"USC00209014","WILLIS 5 SSW, MI US","1973-09","319.4","0","0","0.0","0","0.0","35.8","33.3","101.7","60.0","0","16.6","23.9","9.3",,
"USC00209014","WILLIS 5 SSW, MI US","1973-10","321.0","0","0","-4.4","0","0.0","12.7","25.6","290.0","53.4","0","12.3","19.1","5.6",,
"USC00209014","WILLIS 5 SSW, MI US","1973-11","321.0","0","0","-8.3","0","8.0","33.0","18.9","701.8","79.7","8","4.6","9.8","-0.6",,
"USC00209014","WILLIS 5 SSW, MI US","1973-12","321.0","20","4","-15.6","254","127.0","18.0","14.4","1345.2","80.1","364","-2.4","1.1","-5.9",,
"USC00209014","WILLIS 5 SSW, MI US","1974-01","0.0","22","5","-25.0","203","64.0","20.8","13.3","2039.4","68.9","242","-4.1","0.7","-8.8",,
"USC00209014","WILLIS 5 SSW, MI US","1974-02","0.0","18","4","-21.7","152","89.0","21.3","11.7","2707.1","46.4","229","-5.5","-0.5","-10.5",,
"USC00209014","WILLIS 5 SSW, MI US","1974-03","0.0","2","4","-17.2","25","51.0","18.8","19.4","3227.3","98.4","139","1.6","6.0","-2.9",,
"USC00209014","WILLIS 5 SSW, MI US","1974-04","2.5","0","1","-5.6","0","25.0","22.9","26.7","3512.4","73.3","25","8.9","15.5","2.4",,
"USC00209014","WILLIS 5 SSW, MI US","1974-05","8.6","0","0","-3.9","0","0.0","24.9","28.3","3699.3","103.7","0","12.5","18.2","6.8",,
"USC00209014","WILLIS 5 SSW, MI US","1974-06","50.2","0","0","7.2","0","0.0","29.0","29.4","3740.7","78.0","0","18.3","24.5","12.2",,
"USC00209014","WILLIS 5 SSW, MI US","1974-07","153.9","0","0","6.1","0","0.0","17.8","35.0","5.6","22.7","0","21.5","29.1","13.9",,
"USC00209014","WILLIS 5 SSW, MI US","1974-08","229.7","0","0","7.2","0","0.0","27.7","31.1","10.3","58.8","0","20.6","27.4","13.9",,
"USC00209014","WILLIS 5 SSW, MI US","1974-09","243.0","0","0","-3.3","0","0.0","27.7","29.4","146.0","60.8","0","14.3","21.7","6.8",,
"USC00209014","WILLIS 5 SSW, MI US","1974-10","244.4","0","0","-10.6","0","0.0","8.4","25.0","437.0","20.7","0","9.0","16.5","1.4",,
"USC00209014","WILLIS 5 SSW, MI US","1974-11","244.4","5","3","-11.7","127","102.0","31.0","23.9","867.3","79.7","173","4.0","8.7","-0.7",,
"USC00209014","WILLIS 5 SSW, MI US","1974-12","244.4","31","7","-18.9","457","457.0","53.6","4.4","1524.6","103.6","775","-2.9","0.6","-6.3",,
"USC00200230","ANN ARBOR U OF MICH, MI US","1960-01","0.0","11","2","-12.8","102","51.0","29.7","11.7","1955.6","71.0","89","-2.5","0.6","-5.6",,
"USC00200230","ANN ARBOR U OF MICH, MI US","1960-02","0.0","11","6","-11.1","203","89.0","17.5","7.2","2564.9","57.3","337","-2.7","0.8","-6.1",,
"USC00200230","ANN ARBOR U OF MICH, MI US","1960-03","0.0","21","4","-14.4","254","64.0","6.4","20.6","3241.4","22.0","211","-3.5","1.5","-8.5",,
"USC00200230","ANN ARBOR U OF MICH, MI US","1960-04","12.2","0","0","-5.6","0","0.0","21.8","29.4","3478.8","50.3","0","10.5","16.4","4.5",,
"USC00200230","ANN ARBOR U OF MICH, MI US","1960-05","19.9","0","0","0.0","0","0.0","10.7","27.2","3613.8","57.1","0","14.2","19.7","8.7",,
"USC00200230","ANN ARBOR U OF MICH, MI US","1960-06","70.3","0","0","8.3","0","0.0","35.8","30.6","3634.4","149.7","0","19.4","25.6","13.2",,
"USC00200230","ANN ARBOR U OF MICH, MI US","1960-07","171.0","0","0","7.2","0","0.0","56.1","32.2","5.9","119.5","0","21.4","28.0","14.8",,
"USC00200230","ANN ARBOR U OF MICH, MI US","1960-08","275.4","0","0","11.7","0","0.0","21.6","31.1","5.9","65.9","0","21.7","27.7","15.7",,
"USC00200230","ANN ARBOR U OF MICH, MI US","1960-09","332.9","0","0","4.4","0","0.0","21.6","36.7","32.9","26.5","0","19.4","25.9","12.8",,
"USC00200230","ANN ARBOR U OF MICH, MI US","1960-10","334.0","0","0","-4.4","0","0.0","39.4","26.1","254.6","58.7","0","11.2","17.5","4.9",,
"USC00200230","ANN ARBOR U OF MICH, MI US","1960-11","334.0","0","0","-6.7","0","8.0","6.6","17.8","601.0","32.7","8","5.0","10.1","-0.1",,
"USC00200230","ANN ARBOR U OF MICH, MI US","1960-12","334.0","15","3","-24.4","127","76.0","3.0","11.1","1307.6","8.6","165","-5.2","-0.1","-10.3",,
"USC00200230","ANN ARBOR U OF MICH, MI US","1961-01","0.0","19","2","-20.0","102","51.0","2.8","11.1","1973.5","4.6","97","-5.6","-1.1","-10.0",,
"USC00200230","ANN ARBOR U OF MICH, MI US","1961-02","0.0","11","2","-21.7","152","51.0","19.3","12.2","2454.7","55.7","102","-0.5","4.9","-5.9",,
"USC00200230","ANN ARBOR U OF MICH, MI US","1961-05",,"0","0","0.0","0","0.0","19.1","27.2",,"55.1","0","13.5","19.8","7.3",,
"USC00200230","ANN ARBOR U OF MICH, MI US","1961-06",,"0","0","8.3","0","0.0","38.6","33.3",,"94.9","0","19.6","26.2","13.0",,
"USC00200230","ANN ARBOR U OF MICH, MI US","1961-07",,"0","0","10.0","0","0.0","15.2","33.9","2.5","40.8","0","22.7","28.6","16.8",,
"USC00200230","ANN ARBOR U OF MICH, MI US","1961-08",,"0","0","9.4","0","0.0","23.1","31.7","4.7","107.5","0","22.0","27.7","16.3",,
"USC00200230","ANN ARBOR U OF MICH, MI US","1961-09",,"0","0","-1.7","0","0.0","39.6","31.1","40.6","120.6","0","20.5","26.2","14.7",,
"USC00200230","ANN ARBOR U OF MICH, MI US","1961-10",,"0","0","1.1","0","0.0","17.3","26.7","215.8","45.3","0","12.8","18.6","6.9",,
"USC00200230","ANN ARBOR U OF MICH, MI US","1961-11",,"0","0","-6.1","0","0.0","36.8","23.3","599.0","72.8","0","5.3","10.2","0.3",,
"USC00200230","ANN ARBOR U OF MICH, MI US","1961-12",,"9","1","-23.3","25","25.0","6.1","14.4","1228.1","21.3","59","-2.0","1.7","-5.6",,
"USC00200230","ANN ARBOR U OF MICH, MI US","1962-01","0.0","20","1","-21.1","51","51.0","14.5","5.6","1970.6","37.6","103","-5.6","-1.3","-9.9",,
"USC00200230","ANN ARBOR U OF MICH, MI US","1962-02","0.0","19","6","-17.8","254","102.0","11.7","9.4","2583.0","48.8","434","-4.4","-0.6","-8.3",,
"USC00200230","ANN ARBOR U OF MICH, MI US","1962-03","0.0","15","3","-17.8","127","51.0","6.4","23.9","3097.7","16.7","101","1.7","6.3","-2.9",,
"USC00200230","ANN ARBOR U OF MICH, MI US","1962-04","9.5","0","0","-7.2","0","0.0","7.9","28.9","3381.8","25.0","0","8.8","15.6","2.0",,
"USC00200230","ANN ARBOR U OF MICH, MI US","1962-05","97.0","0","0","3.9","0","0.0","16.5","33.3","3441.8","43.4","0","19.2","25.5","12.9",,
"USC00200230","ANN ARBOR U OF MICH, MI US","1962-06","197.2","0","0","5.6","0","0.0","26.7","35.0","3452.3","109.9","0","21.5","28.6","14.4",,
"USC00200230","ANN ARBOR U OF MICH, MI US","1962-07","306.0","0","0","10.0","0","0.0","32.8","33.9","1.0","101.5","0","21.8","27.9","15.8",,
"USC00200230","ANN ARBOR U OF MICH, MI US","1962-08","416.6","0","0","9.4","0","0.0","29.0","33.3","1.3","77.3","0","21.9","28.2","15.6",,
"USC00200230","ANN ARBOR U OF MICH, MI US","1962-09","451.8","0","0","2.8","0","0.0","40.1","30.0","83.0","87.6","0","16.8","22.3","11.3",,
"USC00200230","ANN ARBOR U OF MICH, MI US","1962-10","459.6","0","0","-3.9","0","0.0","19.1","27.8","256.7","53.1","0","13.0","18.4","7.5",,
"USC00200230","ANN ARBOR U OF MICH, MI US","1962-11","459.6","0","0","-3.9","0","0.0","7.6","15.6","662.0","24.3","0","4.8","8.8","0.9",,
"USC00200230","ANN ARBOR U OF MICH, MI US","1962-12","459.6","26","4","-18.3","254","127.0","10.7","16.1","1291.8","23.7","335","-2.7","1.5","-7.0",,
"USC00200230","ANN ARBOR U OF MICH, MI US","1963-01","0.0","31","3","-25.6","178","76.0","5.8","5.0","2107.5","12.1","185","-8.0","-4.3","-11.6",,
"USC00200230","ANN ARBOR U OF MICH, MI US","1963-02","0.0","27","3","-20.0","152","76.0","3.3","7.8","2790.4","7.6","160","-6.1","-1.1","-11.0",,
"USC00200230","ANN ARBOR U OF MICH, MI US","1963-03","0.6","1","1","-11.1","25","25.0","16.0","25.0","3244.0","57.2","61","3.3","8.8","-2.2",,
"USC00200230","ANN ARBOR U OF MICH, MI US","1963-04","2.8","0","0","-4.4","0","0.0","21.3","27.2","3473.5","73.8","0","10.5","17.4","3.6",,
"USC00200230","ANN ARBOR U OF MICH, MI US","1963-05","12.8","0","0","-1.7","0","0.0","23.1","31.1","3602.9","66.2","0","14.5","21.1","7.9",,
"USC00200230","ANN ARBOR U OF MICH, MI US","1963-06","122.2","0","0","3.3","0","0.0","24.4","35.0","3615.6","35.6","0","22.0","29.4","14.5",,
"USC00200230","ANN ARBOR U OF MICH, MI US","1963-07","275.5","0","0","9.4","0","0.0","32.0","35.6","4.1","39.6","0","23.1","29.6","16.6",,
"USC00200230","ANN ARBOR U OF MICH, MI US","1963-08","358.1","0","0","6.1","0","0.0","18.3","31.7","16.3","31.8","0","20.6","26.6","14.6",,
"USC00200230","ANN ARBOR U OF MICH, MI US","1963-09","382.6","0","0","3.9","0","0.0","12.7","30.0","75.5","29.2","0","17.2","23.8","10.6",,
"USC00200230","ANN ARBOR U OF MICH, MI US","1963-10","406.6","0","0","0.0","0","0.0","12.2","31.7","148.9","15.0","0","16.7","23.8","9.7",,
"USC00200230","ANN ARBOR U OF MICH, MI US","1963-11","406.6","0","0","-3.3","0","0.0","11.7","18.3","484.3","37.6","0","7.1","11.2","3.1",,
"USC00200230","ANN ARBOR U OF MICH, MI US","1963-12","406.6","20","2","-20.6","102","102.0","7.6","11.7","1204.0","22.1","158","-4.9","-1.3","-8.5",,
"USC00200230","ANN ARBOR U OF MICH, MI US","1964-01","0.0","17","1","-18.3","127","51.0","16.8","11.1","1819.7","37.0","82","-1.5","2.5","-5.6",,
"USC00200230","ANN ARBOR U OF MICH, MI US","1964-03",,"5","5","-11.1","152","203.0","16.3","18.9",,"55.9","432","2.5","7.8","-2.9",,
"USC00200230","ANN ARBOR U OF MICH, MI US","1964-04",,"0","1","-7.8","0","25.0","33.0","28.3",,"132.9","25","10.2","16.1","4.4",,
"USC00200230","ANN ARBOR U OF MICH, MI US","1964-05",,"0","0","2.8","0","0.0","34.3","32.2",,"57.5","0","18.0","24.2","11.8",,
"USC00200230","ANN ARBOR U OF MICH, MI US","1964-06",,"0","0","6.1","0","0.0","35.3","36.1",,"75.1","0","21.8","28.3","15.2",,
"USC00200230","ANN ARBOR U OF MICH, MI US","1964-07",,"0","0","10.6","0","0.0","20.6","35.6","1.4","70.6","0","23.9","30.3","17.6",,
"USC00200230","ANN ARBOR U OF MICH, MI US","1964-08",,"0","0","5.6","0","0.0","26.4","35.6","34.7","88.1","0","19.7","25.6","13.8",,
"USC00200230","ANN ARBOR U OF MICH, MI US","1964-09",,"0","0",,"0","0.0","14.0",,,"30.1","0",,,,,
"USC00200230","ANN ARBOR U OF MICH, MI US","1964-10",,"0","0","-2.2","0","0.0","1.5","26.7",,"1.5","0","11.1","17.3","4.9",,
"USC00200230","ANN ARBOR U OF MICH, MI US","1964-11",,"0","0","-11.7","0","0.0","6.4","23.3",,"19.4","0","7.2","12.3","2.1",,
"USC00200230","ANN ARBOR U OF MICH, MI US","1964-12",,"11","3","-15.0","102","43.0","8.4","13.3",,"41.0","134","-2.1","1.5","-5.8",,
"USC00200230","ANN ARBOR U OF MICH, MI US","1965-01","0.0","13","3","-19.4","102","107.0","15.5","15.0",,"78.2","201","-4.3","-0.5","-8.2",,
"USC00200230","ANN ARBOR U OF MICH, MI US","1965-02","0.0","9","2","-19.4","178","165.0","23.6","11.7",,"49.8","221","-4.1","0.3","-8.5",,
"USC00200230","ANN ARBOR U OF MICH, MI US","1965-03","0.0","5","2","-12.2","76","41.0","17.0","7.2",,"67.3","66","-1.4","1.9","-4.7",,
"USC00200230","ANN ARBOR U OF MICH, MI US","1965-05",,"0","0","4.4","0","0.0","23.1","30.0",,"50.8","0","17.9","24.7","11.1",,
"USC00200230","ANN ARBOR U OF MICH, MI US","1965-06",,"0","0","4.4","0","0.0","36.3","33.3",,"60.4","0","20.2","26.7","13.7",,
"USC00200230","ANN ARBOR U OF MICH, MI US","1965-07",,"0","0","8.9","0","0.0","12.2","32.2","8.6","31.2","0","21.1","27.4","14.7",,
"USC00200230","ANN ARBOR U OF MICH, MI US","1965-08",,"0","0","4.4","0","0.0","28.2","35.6","32.9","104.8","0","20.3","25.7","14.8",,
"USC00200230","ANN ARBOR U OF MICH, MI US","1965-09",,"0","0","1.7","0","0.0","14.0","31.7","82.6","52.1","0","18.6","24.3","13.0",,
"USC00200230","ANN ARBOR U OF MICH, MI US","1965-10",,"0","0","-4.4","0","0.0","22.6","26.7","322.3","71.7","0","10.3","15.3","5.3",,
"USC00200230","ANN ARBOR U OF MICH, MI US","1966-01","0.0","18","2","-21.1","25","38.0","4.1","8.3",,"10.5","79","-6.0","-2.2","-9.7",,
"USC00200230","ANN ARBOR U OF MICH, MI US","1966-02","0.0","3","0","-18.9","25","0.0","9.7","15.6",,"14.3","0","-1.7","2.1","-5.6",,
"USC00200230","ANN ARBOR U OF MICH, MI US","1966-03","0.0","1","0","-8.3","25","13.0","15.2","20.6",,"57.9","13","4.3","9.4","-0.8",,
"USC00200230","ANN ARBOR U OF MICH, MI US","1966-04","2.0","0","0","-2.2","0","13.0","16.3","25.0",,"72.7","13","8.0","12.9","3.1",,
"USC00200230","ANN ARBOR U OF MICH, MI US","1966-05","18.2","0","0","-2.8","0","0.0","42.7","31.7",,"43.7","0","13.4","19.5","7.3",,
"USC00200230","ANN ARBOR U OF MICH, MI US","1966-06",,"0","0",,"0","0.0","24.4",,,"75.3","0",,,,,
"USC00200230","ANN ARBOR U OF MICH, MI US","1966-07",,"0","0","12.2","0","0.0","21.1","38.9","0.0","39.2","0","24.8","31.8","17.7",,
"USC00200230","ANN ARBOR U OF MICH, MI US","1966-08",,"0","0","10.6","0","0.0","32.3","32.8","4.7","84.7","0","21.6","27.5","15.7",,
"USC00200230","ANN ARBOR U OF MICH, MI US","1966-09",,"0","0","5.6","0","0.0","36.6","31.1","70.5","66.8","0","17.7","22.9","12.4",,
"USC00200230","ANN ARBOR U OF MICH, MI US","1966-10",,"0","0",,"0","0.0","10.9",,,"25.1","0",,,,,
"USC00200230","ANN ARBOR U OF MICH, MI US","1966-11",,"9","5","-4.4","254","191.0","19.1","18.9",,"77.4","406","6.3","10.0","2.6",,
"USC00200230","ANN ARBOR U OF MICH, MI US","1966-12",,"22","3","-15.0","152","152.0","24.4","17.2",,"113.3","384","-2.2","0.9","-5.3",,
"USC00200230","ANN ARBOR U OF MICH, MI US","1967-01","0.0","31","4","-21.1","483","356.0","40.4","15.0",,"63.3","529","-1.9","1.6","-5.4",,
"USC00200230","ANN ARBOR U OF MICH, MI US","1967-02","0.0","28","7","-19.4","406","127.0","15.5","8.9",,"35.1","316","-5.3","-0.9","-9.7",,
"USC00200230","ANN ARBOR U OF MICH, MI US","1967-03","0.0","18","2","-16.7","178","114.0","11.9","22.2",,"22.1","193","2.0","6.8","-2.8",,
"USC00200230","ANN ARBOR U OF MICH, MI US","1967-04","0.5",,,"-4.4",,,"18.0","24.4",,"80.4",,"9.9","15.6","4.2",,
"USC00200230","ANN ARBOR U OF MICH, MI US","1967-05","4.7","0","0","0.6","0","0.0","13.0","27.8",,"25.5","0","13.3","19.1","7.6",,
"USC00200230","ANN ARBOR U OF MICH, MI US","1967-06","135.2","0","0","9.4","0","0.0","45.2","33.3",,"157.5","0","22.6","28.1","17.1",,
"USC00200230","ANN ARBOR U OF MICH, MI US","1967-07","257.3","0","0","9.4","0","0.0","40.9","31.1","8.0","84.1","0","22.0","27.6","16.5",,
"USC00200230","ANN ARBOR U OF MICH, MI US","1967-08","336.1","0","0","7.8","0","0.0","15.5","30.0","17.2","48.0","0","20.6","26.4","14.7",,
"USC00200230","ANN ARBOR U OF MICH, MI US","1967-09","373.2","0","0","2.2","0","0.0","25.1","29.4","90.8","50.5","0","17.1","23.2","11.1",,
"USC00200230","ANN ARBOR U OF MICH, MI US","1967-10","384.9","0","0","0.6","0","0.0","22.4","28.9","288.5","94.6","0","11.8","16.7","6.8",,
"USC00200230","ANN ARBOR U OF MICH, MI US","1967-11","384.9","0","0","-9.4","0","0.0","14.5","14.4","752.6","67.2","0","2.9","6.1","-0.4",,
"USC00200230","ANN ARBOR U OF MICH, MI US","1967-12","384.9","7","2","-13.9","51","51.0","54.6","15.6","1265.2","125.5","76","0.6","4.2","-2.9",,
"USC00200230","ANN ARBOR U OF MICH, MI US","1968-01","0.0","23","3","-20.0","127","89.0","9.9","7.8","1973.7","42.9","165","-4.5","-0.7","-8.4",,
"USC00200230","ANN ARBOR U OF MICH, MI US","1968-02","0.0","4","1","-18.9","25","25.0","34.8","12.2","2625.1","51.6","46","-4.1","0.7","-8.9",,
"USC00200230","ANN ARBOR U OF MICH, MI US","1968-03","0.0","4","2","-13.3","203","203.0","20.3","22.8","3053.3","57.1","267","4.5","10.0","-0.9",,
"USC00200230","ANN ARBOR U OF MICH, MI US","1968-04","0.0","0","0","-2.2","0","0.0","8.9","24.4","3270.3","19.9","0","11.1","16.8","5.4",,
"USC00200230","ANN ARBOR U OF MICH, MI US","1968-05","5.9","0","0","1.7","0","0.0","65.0","28.9","3404.5","143.5","0","14.2","19.6","8.8",,
"USC00200230","ANN ARBOR U OF MICH, MI US","1968-06","92.0","0","0","9.4","0","0.0","83.6","33.3","3421.2","214.8","0","20.8","26.2","15.4",,
"USC00200230","ANN ARBOR U OF MICH, MI US","1968-07","229.1","0","0","9.4","0","0.0","50.5","32.8","5.5","114.5","0","22.6","28.2","17.0",,
"USC00200230","ANN ARBOR U OF MICH, MI US","1968-08","383.1","0","0","8.9","0","0.0","47.2","33.9","13.9","99.2","0","23.0","28.5","17.6",,
"USC00200230","ANN ARBOR U OF MICH, MI US","1968-09","437.7","0","0","7.2","0","0.0","26.2","29.4","49.8","77.0","0","19.0","23.9","14.1",,
"USC00200230","ANN ARBOR U OF MICH, MI US","1968-10","451.6","0","0","0.0","0","0.0","8.6","27.2","243.9","22.0","0","12.5","17.4","7.6",,
"USC00200230","ANN ARBOR U OF MICH, MI US","1968-11","451.6","0","0","-4.4","0","0.0","23.6","22.8","629.9","77.7","0","5.5","9.3","1.6",,
"USC00200230","ANN ARBOR U OF MICH, MI US","1968-12","451.6",,"2","-17.8",,"30.0","27.9","10.6","1263.1","76.5","94","-2.1","1.2","-5.4",,
"USC00200230","ANN ARBOR U OF MICH, MI US","1969-01","0.0",,"1","-19.4",,"84.0","14.2","11.1","1953.5","69.9","123","-3.9","-0.5","-7.4",,
"USC00200230","ANN ARBOR U OF MICH, MI US","1969-02","0.0","0","1","-11.7","0","43.0","3.0","6.1","2507.8","4.1","46","-1.5","1.9","-4.8",,
"USC00200230","ANN ARBOR U OF MICH, MI US","1969-03","0.0","0","1","-12.2","0","43.0","15.7","19.4","3016.4","37.4","46","1.9","7.0","-3.1",,
"USC00200230","ANN ARBOR U OF MICH, MI US","1969-04","0.6","0","0","-1.1","0","0.0","25.1","25.6","3245.0","110.6","0","10.7","16.6","4.8",,
"USC00200230","ANN ARBOR U OF MICH, MI US","1969-05","34.6","0","0","2.8","0","0.0","29.7","31.7","3362.2","89.3","0","15.6","21.7","9.6",,
"USC00200230","ANN ARBOR U OF MICH, MI US","1969-06","88.8","0","0","4.4","0","0.0","19.6","33.9","3412.5","113.7","0","18.5","24.1","12.9",,
"USC00200230","ANN ARBOR U OF MICH, MI US","1969-07","235.9","0","0","13.3","0","0.0","33.3","33.3","0.1","153.1","0","23.1","28.4","17.8",,
"USC00200230","ANN ARBOR U OF MICH, MI US","1969-08","395.4","0","0","12.2","0","0.0","32.5","32.8","0.1","49.6","0","23.5","29.5","17.5",,
"USC00200230","ANN ARBOR U OF MICH, MI US","1969-09","453.0","0","0","6.1","0","0.0","8.4","31.7","46.0","25.9","0","18.7","24.1","13.4",,
"USC00200230","ANN ARBOR U OF MICH, MI US","1969-10","453.9","0","0","-5.0","0","0.0","12.2","25.6","250.4","48.1","0","11.8","16.8","6.7",,
"USC00200230","ANN ARBOR U OF MICH, MI US","1969-11","453.9","5","1","-8.9","51","38.0","24.6","14.4","664.2","70.5","67","4.5","8.5","0.6",,
"USC00200230","ANN ARBOR U OF MICH, MI US","1969-12","453.9",,"2","-13.3",,"86.0","8.6","6.7","1278.2","36.2","238","-1.5","1.7","-4.6",,
"USC00200230","ANN ARBOR U OF MICH, MI US","1970-01","0.0",,"8","-21.7",,"76.0","9.4","9.4","2050.6","31.8","405","-6.6","-2.1","-11.0",,
"USC00200230","ANN ARBOR U OF MICH, MI US","1970-02","0.0",,"3","-19.4",,"102.0","8.9","10.6","2654.9","22.0","220","-3.2","1.9","-8.4",,
"USC00200230","ANN ARBOR U OF MICH, MI US","1970-03","0.0",,"1","-12.2",,"56.0","29.2","12.2","3193.4","66.4","102","1.0","5.7","-3.8",,
"USC00200230","ANN ARBOR U OF MICH, MI US","1970-04","10.5",,"1","-2.8",,"71.0","24.6","28.3","3445.8","62.1","71","10.3","15.9","4.7",,
"USC00200230","ANN ARBOR U OF MICH, MI US","1970-05","51.9","0","0","-0.6","0","0.0","31.8","29.4","3521.9","91.2","0","17.2","23.6","10.9",,
"USC00200230","ANN ARBOR U OF MICH, MI US","1970-06","145.9","0","0","8.9","0","0.0","35.1","33.3","3537.9","93.0","0","20.9","26.3","15.5",,
"USC00200230","ANN ARBOR U OF MICH, MI US","1970-07","299.8","0","0","10.0","0","0.0","27.4","33.3","3.3","120.5","0","23.2","27.9","18.5",,
"USC00200230","ANN ARBOR U OF MICH, MI US","1970-08","445.6","0","0","11.7","0","0.0","16.3","31.7","3.3","44.5","0","23.0","28.2","17.9",,
"USC00200230","ANN ARBOR U OF MICH, MI US","1970-09","506.5","0","0","2.8","0","0.0","14.2","31.1","47.8","67.6","0","18.9","24.1","13.6",,
"USC00200230","ANN ARBOR U OF MICH, MI US","1970-10","513.4","0","0","-0.6","0","0.0","24.6","26.7","204.0","75.9","0","13.5","18.4","8.7",,
"USC00200230","ANN ARBOR U OF MICH, MI US","1970-11","513.4","1","1","-9.4","25","38.0","16.5","18.3","599.5","74.4","59","5.1","8.6","1.7",,
"USC00200230","ANN ARBOR U OF MICH, MI US","1970-12","513.4","16","5","-11.7","102","61.0","11.9","17.2","1181.7","36.0","272","-0.4","3.4","-4.3",,
"USC00200230","ANN ARBOR U OF MICH, MI US","1971-01","0.0","16","5","-21.7","76","51.0","7.1","7.2","1945.3","21.3","233","-6.3","-2.2","-10.4",,
"USC00200230","ANN ARBOR U OF MICH, MI US","1971-02","0.0","16","3","-21.7","102","38.0","33.5","12.2","2533.9","72.1","141","-2.7","1.1","-6.4",,
"USC00200230","ANN ARBOR U OF MICH, MI US","1971-03","0.0","8","5","-12.2","127","76.0","12.2","17.2","3084.8","41.4","265","0.6","4.8","-3.7",,
"USC00200230","ANN ARBOR U OF MICH, MI US","1971-04","0.0","0","0","-6.1","0","8.0","7.4","26.7","3382.3","18.9","11","8.4","14.7","2.1",,
"USC00200230","ANN ARBOR U OF MICH, MI US","1971-05","13.1","0","0","1.7","0","0.0","12.7","31.1","3503.7","47.7","0","14.8","21.7","8.0",,
"USC00200230","ANN ARBOR U OF MICH, MI US","1971-06","161.7","0","0","7.2","0","0.0","24.1","36.1","3512.7","46.9","0","23.0","29.2","16.7",,
"USC00200230","ANN ARBOR U OF MICH, MI US","1971-07","283.9","0","0","11.7","0","0.0","15.5","32.8","1.1","35.8","0","22.2","28.1","16.4",,
"USC00200230","ANN ARBOR U OF MICH, MI US","1971-08","395.8","0","0","9.4","0","0.0","10.4","32.8","1.4","16.1","0","22.1","28.6","15.5",,
"USC00200230","ANN ARBOR U OF MICH, MI US","1971-09","474.4","0","0","6.1","0","0.0","100.1","33.3","28.8","133.7","0","20.0","25.3","14.8",,
"USC00200230","ANN ARBOR U OF MICH, MI US","1971-10","493.6","0","0","3.3","0","0.0","24.6","31.1","110.7","44.2","0","16.3","21.4","11.2",,
"USC00200230","ANN ARBOR U OF MICH, MI US","1971-11","493.6","1","1","-8.3","25","30.0","8.1","20.0","511.2","35.6","43","5.0","9.1","0.9",,
"USC00200230","ANN ARBOR U OF MICH, MI US","1971-12","493.6","1","1","-9.4","25","25.0","32.5","17.8","1027.9","95.3","48","1.7","5.7","-2.4",,
"USC00200230","ANN ARBOR U OF MICH, MI US","1972-01","0.0","12","3","-25.6","76","64.0","6.9","9.4","1744.3","29.2","206","-4.8","-0.4","-9.2",,
"USC00200230","ANN ARBOR U OF MICH, MI US","1972-02","0.0","11","3","-17.8","76","38.0","6.4","7.8","2387.3","19.2","153","-3.8","0.2","-7.8",,
"USC00200230","ANN ARBOR U OF MICH, MI US","1972-03","0.0","1","1","-13.3","25","25.0","15.5","19.4","2929.4","56.4","61","0.9","6.1","-4.4",,
"USC00200230","ANN ARBOR U OF MICH, MI US","1972-04","0.0","0","0","-8.9","0","10.0","28.2","23.3","3238.7","91.8","16","8.0","13.8","2.2",,
"USC00200230","ANN ARBOR U OF MICH, MI US","1972-05","43.1","0","0","4.4","0","0.0","21.3","31.1","3313.4","80.6","0","17.3","23.8","10.9",,
"USC00200230","ANN ARBOR U OF MICH, MI US","1972-06","103.6","0","0","4.4","0","0.0","10.4","31.7","3357.1","42.7","0","18.9","24.8","13.0",,
"USC00200230","ANN ARBOR U OF MICH, MI US","1972-07","250.8","0","0","10.0","0","0.0","12.7","33.9","5.5","41.2","0","22.9","28.6","17.2",,
"USC00200230","ANN ARBOR U OF MICH, MI US","1972-08","364.2","0","0","8.9","0","0.0","21.6","31.1","17.1","67.6","0","21.6","26.8","16.4",,
"USC00200230","ANN ARBOR U OF MICH, MI US","1972-09","401.8","0","0","5.6","0","0.0","15.2","30.0","57.8","73.5","0","18.2","23.4","13.1",,
"USC00200230","ANN ARBOR U OF MICH, MI US","1972-10","401.8","0","0","-5.0","0","0.0","25.9","22.8","329.8","74.4","0","9.6","14.3","4.8",,
"USC00200230","ANN ARBOR U OF MICH, MI US","1972-11","401.8","6","3","-4.4","51","152.0","23.4","20.6","774.6","80.4","247","3.5","6.0","1.0",,
"USC00200230","ANN ARBOR U OF MICH, MI US","1972-12","401.8","21","6","-15.0","102","64.0","25.4","11.7","1387.1","77.2","339","-1.4","1.3","-4.1",,
"USC00200230","ANN ARBOR U OF MICH, MI US","1973-01","0.0","3","1","-14.4","25","25.0","14.2","13.9","2002.9","31.6","51","-1.5","2.5","-5.5",,
"USC00200230","ANN ARBOR U OF MICH, MI US","1973-02","0.0","21","5","-21.1","127","89.0","4.3","11.1","2601.3","24.7","277","-3.0","1.4","-7.4",,
"USC00200230","ANN ARBOR U OF MICH, MI US","1973-03","0.0","8","1","-6.1","330","315.0","38.4","20.6","2941.4","86.4","338","7.4","12.0","2.7",,
"USC00200230","ANN ARBOR U OF MICH, MI US","1973-04","4.0","1","1","-5.0","25","33.0","30.5","27.2","3195.2","53.1","33","10.0","15.2","4.8",,
"USC00200230","ANN ARBOR U OF MICH, MI US","1973-05","4.5","0","0","0.6","0","0.0","28.7","24.4","3350.9","109.6","0","13.3","18.8","7.9",,
"USC00200230","ANN ARBOR U OF MICH, MI US","1973-06","111.5","0","0","13.3","0","0.0","24.4","32.8","3351.4","79.1","0","21.9","27.2","16.6",,
"USC00200230","ANN ARBOR U OF MICH, MI US","1973-07","256.9","0","0","12.2","0","0.0","31.2","32.8","0.0","159.3","0","23.0","28.7","17.3",,
"USC00200230","ANN ARBOR U OF MICH, MI US","1973-08","407.1","0","0","10.6","0","0.0","35.3","34.4","2.8","71.7","0","23.1","28.6","17.6",,
"USC00200230","ANN ARBOR U OF MICH, MI US","1973-09","471.2","0","0","4.4","0","0.0","35.8","34.4","48.2","62.6","0","19.0","24.7","13.2",,
"USC00200230","ANN ARBOR U OF MICH, MI US","1973-10","478.1","0","0","2.2","0","0.0","12.7","25.6","173.5","49.1","0","14.5","19.3","9.7",,
"USC00200230","ANN ARBOR U OF MICH, MI US","1973-11","478.1","0","0","-3.9","0","0.0","30.0","17.8","548.7","96.5","0","5.8","9.8","1.9",,
"USC00200230","ANN ARBOR U OF MICH, MI US","1973-12","478.1","18","5","-13.9","305","152.0","18.0","14.4","1180.7","90.2","405","-2.1","1.2","-5.3",,
"USC00200230","ANN ARBOR U OF MICH, MI US","1974-01","0.0","22","3","-17.2","254","102.0","15.5","11.7","1832.0","60.3","277","-2.7","0.8","-6.2",,
"USC00200230","ANN ARBOR U OF MICH, MI US","1974-02","0.0","17","4","-16.1","229","102.0","19.6","11.7","2444.2","55.5","294","-4.3","0.2","-8.7",,
"USC00200230","ANN ARBOR U OF MICH, MI US","1974-03","0.0","1","2","-15.6","25","30.0","23.9","19.4","2932.8","111.9","82","2.6","7.1","-2.0",,
"USC00200230","ANN ARBOR U OF MICH, MI US","1974-04","3.6","0","0","-6.1","0","13.0","12.2","26.1","3168.4","63.0","13","10.6","16.5","4.7",,
"USC00200230","ANN ARBOR U OF MICH, MI US","1974-05","12.2","0","0","-1.7","0","0.0","18.3","28.9","3320.9","90.2","0","13.7","19.2","8.2",,
"USC00200230","ANN ARBOR U OF MICH, MI US","1974-06","71.4","0","0","8.9","0","0.0","15.2","28.9","3347.3","45.7","0","19.4","24.9","14.0",,
"USC00200230","ANN ARBOR U OF MICH, MI US","1974-07","234.1","0","0","11.7","0","0.0","2.8","34.4","0.0","11.0","0","23.6","29.7","17.5",,
"USC00200230","ANN ARBOR U OF MICH, MI US","1974-08","357.1","0","0","12.8","0","0.0","12.2","31.7","0.0","34.1","0","22.3","27.8","16.8",,
"USC00200230","ANN ARBOR U OF MICH, MI US","1974-09","377.9","0","0","3.3","0","0.0","20.8","28.3","81.2","60.6","0","16.3","22.2","10.5",,
"USC00200230","ANN ARBOR U OF MICH, MI US","1974-10","377.9","0","0","-3.3","0","0.0","6.4","22.8","311.5","13.9","0","10.9","16.5","5.3",,
"USC00200230","ANN ARBOR U OF MICH, MI US","1974-11","379.0","6","1","-10.0","76","99.0","23.1","22.8","717.7","77.6","140","4.8","8.9","0.8",,
"USC00200230","ANN ARBOR U OF MICH, MI US","1974-12","379.0","31","8","-12.2","406","401.0","31.0","7.2","1333.5","83.9","864","-1.5","1.4","-4.4",,
